Bus,DeviceType,P_pu,Q_pu,I_pu,CurrentAngle_deg,Pmin_pu,Pmax_pu,Qmin_pu,Qmax_pu
145,1,0.006,0.001,0.00712902299557459,179.005927620902,-Inf,Inf,-0.005,0.005
524,1,0.006,0.001,0.0535541013387951,34.570679865595,-Inf,Inf,-0.005,0.005
1607,1,0.006,0.001,0.00442966625901783,41.9610176809534,-Inf,Inf,-0.005,0.005
757,1,0.006,0.001,0.00602867768730345,-80.2213101824772,-Inf,Inf,-0.005,0.005
1519,1,0.006,0.001,0.00515203040574857,29.2443958865297,-Inf,Inf,-0.005,0.005
1289,1,0.006,0.001,0.0058860609556957,22.1232032507514,-Inf,Inf,-0.005,0.005
317,1,0.006,0.001,0.00344245829067555,-165.894627501369,-Inf,Inf,-0.005,0.005
1264,1,0.006,0.001,0.00594968826861508,21.8212088293644,-Inf,Inf,-0.005,0.005
1116,1,0.006,0.001,0.00427896965931788,6.08998520122773,-Inf,Inf,-0.005,0.005
3720,1,0.006,0.001,0.00608884209232747,145.694145175673,-Inf,Inf,-0.005,0.005
1280,1,0.006,0.001,0.00587508468252533,21.7631541110478,-Inf,Inf,-0.005,0.005
3585,1,0.006,0.001,0.00608991762198067,148.038733015346,-Inf,Inf,-0.005,0.005
2990,1,0.006,0.001,0.00609159863100627,-169.355186605392,-Inf,Inf,-0.005,0.005
2843,1,0.006,0.001,0.0066478575996369,-155.712673566887,-Inf,Inf,-0.005,0.005
2532,1,0.006,0.001,0.00611785342475201,-79.4958949667167,-Inf,Inf,-0.005,0.005
223,1,0.006,0.001,0.00837223530565228,95.5193507969151,-Inf,Inf,-0.005,0.005
1615,1,0.006,0.001,0.00421534061373339,45.9769277237184,-Inf,Inf,-0.005,0.005
1134,1,0.006,0.001,0.00474824172096975,14.9920234041401,-Inf,Inf,-0.005,0.005
2176,1,0.006,0.001,0.00616212477419677,-55.1463333339907,-Inf,Inf,-0.005,0.005
1401,1,0.006,0.001,0.00583711053966229,25.7919918041346,-Inf,Inf,-0.005,0.005
800,1,0.006,0.001,0.00576576475570208,-76.377788576558,-Inf,Inf,-0.005,0.005
2201,1,0.006,0.001,0.00613192716753828,-57.1651349248766,-Inf,Inf,-0.005,0.005
3444,1,0.006,0.001,0.00608409215618307,149.28578931141,-Inf,Inf,-0.005,0.005
1659,1,0.006,0.001,0.0009832629063581,86.3769018109077,-Inf,Inf,-0.005,0.005
2982,1,0.006,0.001,0.00612279177804446,-169.028140726725,-Inf,Inf,-0.005,0.005
2659,1,0.006,0.001,0.00619161547489986,-88.8894281606116,-Inf,Inf,-0.005,0.005
3476,1,0.006,0.001,0.00609905640260872,149.039325789324,-Inf,Inf,-0.005,0.005
3630,1,0.006,0.001,0.00609165376348212,147.300165567176,-Inf,Inf,-0.005,0.005
767,1,0.006,0.001,0.0059202954358915,-80.0700516602199,-Inf,Inf,-0.005,0.005
1923,1,0.006,0.001,0.00621864938435544,-3.44421306744075,-Inf,Inf,-0.005,0.005
3997,1,0.006,0.001,0.00608619525877265,140.762728877794,-Inf,Inf,-0.005,0.005
2165,1,0.006,0.001,0.00618691724120353,-53.4264875854246,-Inf,Inf,-0.005,0.005
497,1,0.006,0.001,0.0064075077041677,47.6016666458181,-Inf,Inf,-0.005,0.005
3930,1,0.006,0.001,0.0060885545643682,140.972514093224,-Inf,Inf,-0.005,0.005
335,1,0.006,0.001,0.00409641022141242,172.415124275556,-Inf,Inf,-0.005,0.005
1926,1,0.006,0.001,0.00620944120783056,-7.84304721234351,-Inf,Inf,-0.005,0.005
356,1,0.006,0.001,0.002692487900651,-102.666186483147,-Inf,Inf,-0.005,0.005
1513,1,0.006,0.001,0.00518333110900292,28.8911908220972,-Inf,Inf,-0.005,0.005
476,1,0.006,0.001,0.0054077772958114,46.7720654139068,-Inf,Inf,-0.005,0.005
1070,1,0.006,0.001,0.00403776787302381,-6.30114570029793,-Inf,Inf,-0.005,0.005
1762,1,0.006,0.001,0.00593423656908599,54.8337922071845,-Inf,Inf,-0.005,0.005
1675,1,0.006,0.001,0.00157779446137531,22.7537641558801,-Inf,Inf,-0.005,0.005
423,1,0.006,0.001,0.00506955155882087,-0.268780305505674,-Inf,Inf,-0.005,0.005
396,1,0.006,0.001,0.00328051434043893,-26.1303876251957,-Inf,Inf,-0.005,0.005
3599,1,0.006,0.001,0.00608773869164916,147.823465415841,-Inf,Inf,-0.005,0.005
3277,1,0.006,0.001,0.00619129731539149,-179.030531989577,-Inf,Inf,-0.005,0.005
6,1,0.006,0.001,0.0406338919421459,55.0785891307788,-Inf,Inf,-0.005,0.005
1754,1,0.006,0.001,0.00552161123658061,61.6604547567223,-Inf,Inf,-0.005,0.005
3591,1,0.006,0.001,0.00608780759807142,147.937235081582,-Inf,Inf,-0.005,0.005
3064,1,0.006,0.001,0.00612340383908428,-172.206055755084,-Inf,Inf,-0.005,0.005
232,1,0.006,0.001,0.00788500171159291,95.8446549476563,-Inf,Inf,-0.005,0.005
2191,1,0.006,0.001,0.00615612380035087,-56.2841020370857,-Inf,Inf,-0.005,0.005
2453,1,0.006,0.001,0.00610059192720439,-77.1895819197537,-Inf,Inf,-0.005,0.005
547,1,0.006,0.001,0.00848316544409179,43.4310683962156,-Inf,Inf,-0.005,0.005
3731,1,0.006,0.001,0.0060865994236834,145.625597897842,-Inf,Inf,-0.005,0.005
1111,1,0.006,0.001,0.0041660632620018,2.3024522615693,-Inf,Inf,-0.005,0.005
2737,1,0.006,0.001,0.00620840073302638,-120.690665753021,-Inf,Inf,-0.005,0.005
1104,1,0.006,0.001,0.0041021270139709,-0.722809231757857,-Inf,Inf,-0.005,0.005
3138,1,0.006,0.001,0.00611728220145232,-175.412992922226,-Inf,Inf,-0.005,0.005
3860,1,0.006,0.001,0.00608556011597746,141.743318731015,-Inf,Inf,-0.005,0.005
1728,1,0.006,0.001,0.00431849956614972,63.8667193330669,-Inf,Inf,-0.005,0.005
3897,1,0.006,0.001,0.0060889464171908,141.45753371285,-Inf,Inf,-0.005,0.005
2613,1,0.006,0.001,0.00614028494215323,-85.8139773409316,-Inf,Inf,-0.005,0.005
2379,1,0.006,0.001,0.00615828759242561,-72.5402083933431,-Inf,Inf,-0.005,0.005
722,1,0.006,0.001,0.00537547217482516,-109.859660834128,-Inf,Inf,-0.005,0.005
94,1,0.006,0.001,0.0186287048237257,112.909820450066,-Inf,Inf,-0.005,0.005
3671,1,0.006,0.001,0.00609004052931854,147.237947428449,-Inf,Inf,-0.005,0.005
392,1,0.006,0.001,0.00289605003040312,-49.5276652536249,-Inf,Inf,-0.005,0.005
2222,1,0.006,0.001,0.00614117891860499,-57.0505336636952,-Inf,Inf,-0.005,0.005
1720,1,0.006,0.001,0.0032719013585686,63.0631682410564,-Inf,Inf,-0.005,0.005
1095,1,0.006,0.001,0.00408124705392835,-2.03135310705102,-Inf,Inf,-0.005,0.005
3959,1,0.006,0.001,0.00608852227910629,140.744303893336,-Inf,Inf,-0.005,0.005
3373,1,0.006,0.001,0.0062726701505799,155.506715543892,-Inf,Inf,-0.005,0.005
1261,1,0.006,0.001,0.00588240916792424,21.677032432023,-Inf,Inf,-0.005,0.005
3342,1,0.006,0.001,0.0062955248903866,176.848306938679,-Inf,Inf,-0.005,0.005
3540,1,0.006,0.001,0.00609271411062017,148.49972903198,-Inf,Inf,-0.005,0.005
2892,1,0.006,0.001,0.00647727582010199,-162.001299490763,-Inf,Inf,-0.005,0.005
2910,1,0.006,0.001,0.00641600272281745,-163.473131894262,-Inf,Inf,-0.005,0.005
3806,1,0.006,0.001,0.00608315957204351,142.503693077671,-Inf,Inf,-0.005,0.005
3596,1,0.006,0.001,0.00608575814881439,147.906273152858,-Inf,Inf,-0.005,0.005
3043,1,0.006,0.001,0.0061158816309255,-171.426669564073,-Inf,Inf,-0.005,0.005
2067,1,0.006,0.001,0.00623030423668101,-43.8569021915591,-Inf,Inf,-0.005,0.005
555,1,0.006,0.001,0.00731903820566545,19.6855544077027,-Inf,Inf,-0.005,0.005
114,1,0.006,0.001,0.0266969505286229,104.215874626838,-Inf,Inf,-0.005,0.005
1424,1,0.006,0.001,0.00603763711041595,25.9460322313262,-Inf,Inf,-0.005,0.005
3626,1,0.006,0.001,0.00609179686399277,147.250017962083,-Inf,Inf,-0.005,0.005
1245,1,0.006,0.001,0.00574250573637682,20.477050467975,-Inf,Inf,-0.005,0.005
1061,1,0.006,0.001,0.00405856629410967,-20.0039219325813,-Inf,Inf,-0.005,0.005
501,1,0.006,0.001,0.00686334171734734,46.9208860446823,-Inf,Inf,-0.005,0.005
1635,1,0.006,0.001,0.00355620101566401,50.4252104145014,-Inf,Inf,-0.005,0.005
512,1,0.006,0.001,0.00629187519135675,46.0123818715805,-Inf,Inf,-0.005,0.005
309,1,0.006,0.001,0.00559325147460905,175.537783585622,-Inf,Inf,-0.005,0.005
3244,1,0.006,0.001,0.00613037983751905,-176.878068726063,-Inf,Inf,-0.005,0.005
728,1,0.006,0.001,0.00558179467537666,-99.2742162118217,-Inf,Inf,-0.005,0.005
1225,1,0.006,0.001,0.00583382277837218,21.1430551963834,-Inf,Inf,-0.005,0.005
1748,1,0.006,0.001,0.00534951398336089,64.4039291281148,-Inf,Inf,-0.005,0.005
3237,1,0.006,0.001,0.00613016326350916,-176.874193941978,-Inf,Inf,-0.005,0.005
2686,1,0.006,0.001,0.00620337039725012,-120.090268096489,-Inf,Inf,-0.005,0.005
2934,1,0.006,0.001,0.0062071580089352,-167.915946616088,-Inf,Inf,-0.005,0.005
3009,1,0.006,0.001,0.00612444115357504,-169.122346819924,-Inf,Inf,-0.005,0.005
2929,1,0.006,0.001,0.00617282070656201,-168.690188595308,-Inf,Inf,-0.005,0.005
1650,1,0.006,0.001,0.00171339465839971,79.4693805121115,-Inf,Inf,-0.005,0.005
3218,1,0.006,0.001,0.00611068729265136,-176.666118358358,-Inf,Inf,-0.005,0.005
3684,1,0.006,0.001,0.00608586945921714,146.126584654384,-Inf,Inf,-0.005,0.005
1411,1,0.006,0.001,0.00585523651945065,25.546481282623,-Inf,Inf,-0.005,0.005
1872,1,0.006,0.001,0.00627176841956701,7.70744204517523,-Inf,Inf,-0.005,0.005
2364,1,0.006,0.001,0.00614822696656643,-72.1864607566502,-Inf,Inf,-0.005,0.005
1732,1,0.006,0.001,0.00603577264966897,58.1909258261938,-Inf,Inf,-0.005,0.005
256,1,0.006,0.001,0.00653337365402573,97.5685728183108,-Inf,Inf,-0.005,0.005
3115,1,0.006,0.001,0.00612099027747476,-174.204552842629,-Inf,Inf,-0.005,0.005
817,1,0.006,0.001,0.00583065770397536,-75.456077899513,-Inf,Inf,-0.005,0.005
2627,1,0.006,0.001,0.00615299947953039,-87.5638592979119,-Inf,Inf,-0.005,0.005
1609,1,0.006,0.001,0.00470480681083566,43.9975506174241,-Inf,Inf,-0.005,0.005
3424,1,0.006,0.001,0.00612056444197608,149.781076610009,-Inf,Inf,-0.005,0.005
3365,1,0.006,0.001,0.00636966273589232,162.012707325542,-Inf,Inf,-0.005,0.005
3185,1,0.006,0.001,0.00610969922347922,-176.346223483166,-Inf,Inf,-0.005,0.005
3943,1,0.006,0.001,0.00608970217306095,140.834076384518,-Inf,Inf,-0.005,0.005
2217,1,0.006,0.001,0.00615159398108091,-56.2335829265211,-Inf,Inf,-0.005,0.005
2125,1,0.006,0.001,0.00620389432241718,-51.5901858800541,-Inf,Inf,-0.005,0.005
3916,1,0.006,0.001,0.00608960388889203,141.377236496216,-Inf,Inf,-0.005,0.005
3379,1,0.006,0.001,0.00615225422845202,150.83556156684,-Inf,Inf,-0.005,0.005
2255,1,0.006,0.001,0.00615962190109174,-59.4273758809671,-Inf,Inf,-0.005,0.005
934,1,0.006,0.001,0.00551725861424772,-59.7370075813327,-Inf,Inf,-0.005,0.005
2129,1,0.006,0.001,0.00619403282039943,-52.4896544983052,-Inf,Inf,-0.005,0.005
3653,1,0.006,0.001,0.00609142453904647,147.084135281027,-Inf,Inf,-0.005,0.005
3292,1,0.006,0.001,0.00615815860034226,-177.871444595991,-Inf,Inf,-0.005,0.005
865,1,0.006,0.001,0.00603517125209304,-69.1676227698538,-Inf,Inf,-0.005,0.005
1034,1,0.006,0.001,0.00554817472064817,-42.3753591200345,-Inf,Inf,-0.005,0.005
2794,1,0.006,0.001,0.00670043149483588,-152.624550487427,-Inf,Inf,-0.005,0.005
2983,1,0.006,0.001,0.00611704493872079,-169.063887836624,-Inf,Inf,-0.005,0.005
1925,1,0.006,0.001,0.00622352191081623,-5.48620211303645,-Inf,Inf,-0.005,0.005
2068,1,0.006,0.001,0.00622349435588729,-42.7347148642922,-Inf,Inf,-0.005,0.005
760,1,0.006,0.001,0.00600108452835836,-80.1997986579855,-Inf,Inf,-0.005,0.005
1069,1,0.006,0.001,0.00403112668503364,-7.36277964496659,-Inf,Inf,-0.005,0.005
445,1,0.006,0.001,0.00418589261491438,26.5615162906413,-Inf,Inf,-0.005,0.005
3817,1,0.006,0.001,0.00608550755288659,142.271917806341,-Inf,Inf,-0.005,0.005
2833,1,0.006,0.001,0.00665198700516803,-155.71421107858,-Inf,Inf,-0.005,0.005
2435,1,0.006,0.001,0.00614630435345598,-74.488372896651,-Inf,Inf,-0.005,0.005
1621,1,0.006,0.001,0.00380165543418134,49.0162101171187,-Inf,Inf,-0.005,0.005
2308,1,0.006,0.001,0.00617497843508451,-61.2812787437379,-Inf,Inf,-0.005,0.005
3466,1,0.006,0.001,0.00610164992630088,149.079739413349,-Inf,Inf,-0.005,0.005
3483,1,0.006,0.001,0.00609177248280192,149.063576108318,-Inf,Inf,-0.005,0.005
1660,1,0.006,0.001,0.0010011903045467,144.008171878618,-Inf,Inf,-0.005,0.005
3246,1,0.006,0.001,0.00613340679783555,-177.031773224205,-Inf,Inf,-0.005,0.005
2322,1,0.006,0.001,0.00616569871683489,-60.2773820990356,-Inf,Inf,-0.005,0.005
729,1,0.006,0.001,0.0056420332177956,-99.6038268338922,-Inf,Inf,-0.005,0.005
2385,1,0.006,0.001,0.00615314446351467,-73.6297426739194,-Inf,Inf,-0.005,0.005
419,1,0.006,0.001,0.0039089779293947,6.46116424796959,-Inf,Inf,-0.005,0.005
3397,1,0.006,0.001,0.00611322587061596,149.561038400622,-Inf,Inf,-0.005,0.005
2278,1,0.006,0.001,0.00615854515316252,-59.726060866064,-Inf,Inf,-0.005,0.005
568,1,0.006,0.001,0.00768641609165447,146.526057701447,-Inf,Inf,-0.005,0.005
32,1,0.006,0.001,0.00635960662876201,128.445920574756,-Inf,Inf,-0.005,0.005
2971,1,0.006,0.001,0.00613306947778685,-169.497548313336,-Inf,Inf,-0.005,0.005
3793,1,0.006,0.001,0.00608467787855691,142.74208195405,-Inf,Inf,-0.005,0.005
297,1,0.006,0.001,0.00444652240501422,159.096941418644,-Inf,Inf,-0.005,0.005
2970,1,0.006,0.001,0.00613050430191324,-169.412529810414,-Inf,Inf,-0.005,0.005
3367,1,0.006,0.001,0.00636095379575935,160.76281203777,-Inf,Inf,-0.005,0.005
3457,1,0.006,0.001,0.00609911854298134,149.316847307658,-Inf,Inf,-0.005,0.005
433,1,0.006,0.001,0.00486994579488808,0.293290157645536,-Inf,Inf,-0.005,0.005
3562,1,0.006,0.001,0.00608980870133127,147.94614005477,-Inf,Inf,-0.005,0.005
1858,1,0.006,0.001,0.00619974501428035,10.8872195413691,-Inf,Inf,-0.005,0.005
1902,1,0.006,0.001,0.00613514941953819,3.94199379245993,-Inf,Inf,-0.005,0.005
3607,1,0.006,0.001,0.00609057858054725,147.877943301012,-Inf,Inf,-0.005,0.005
3714,1,0.006,0.001,0.00608846574613421,145.990173519905,-Inf,Inf,-0.005,0.005
3521,1,0.006,0.001,0.00609413380747905,148.807011951897,-Inf,Inf,-0.005,0.005
3019,1,0.006,0.001,0.00613020357797068,-170.546341960524,-Inf,Inf,-0.005,0.005
3419,1,0.006,0.001,0.00610061505944157,149.40651878497,-Inf,Inf,-0.005,0.005
3918,1,0.006,0.001,0.0060895602829196,141.367918029085,-Inf,Inf,-0.005,0.005
31,1,0.006,0.001,0.00634610677279148,128.518668740665,-Inf,Inf,-0.005,0.005
3238,1,0.006,0.001,0.00612892100275479,-176.810210532438,-Inf,Inf,-0.005,0.005
2882,1,0.006,0.001,0.00648570410406974,-161.835168653737,-Inf,Inf,-0.005,0.005
2643,1,0.006,0.001,0.00616110789181783,-87.5712175764601,-Inf,Inf,-0.005,0.005
1803,1,0.006,0.001,0.00622008293876928,46.3085356831586,-Inf,Inf,-0.005,0.005
426,1,0.006,0.001,0.00564759265062742,-2.44397000633215,-Inf,Inf,-0.005,0.005
1091,1,0.006,0.001,0.00403449171161361,-6.0349997917433,-Inf,Inf,-0.005,0.005
632,1,0.006,0.001,0.014457924588076,-122.603048758235,-Inf,Inf,-0.005,0.005
3103,1,0.006,0.001,0.00612049247899018,-174.195750159496,-Inf,Inf,-0.005,0.005
3096,1,0.006,0.001,0.00611486904023592,-173.893514154528,-Inf,Inf,-0.005,0.005
2065,1,0.006,0.001,0.00622290494853703,-46.7816479542828,-Inf,Inf,-0.005,0.005
115,1,0.006,0.001,0.0847765380565449,96.9255755133014,-Inf,Inf,-0.005,0.005
3921,1,0.006,0.001,0.00609010970929832,141.319211272042,-Inf,Inf,-0.005,0.005
1830,1,0.006,0.001,0.00619665142995875,13.6989721845056,-Inf,Inf,-0.005,0.005
1946,1,0.006,0.001,0.00630065452887033,-13.7315304114852,-Inf,Inf,-0.005,0.005
2267,1,0.006,0.001,0.0061683836155918,-60.5283929810991,-Inf,Inf,-0.005,0.005
178,1,0.006,0.001,0.00637075377684563,46.2448205044533,-Inf,Inf,-0.005,0.005
1152,1,0.006,0.001,0.00446720707905084,10.7784620748696,-Inf,Inf,-0.005,0.005
2160,1,0.006,0.001,0.00618488676329317,-54.0081137299035,-Inf,Inf,-0.005,0.005
840,1,0.006,0.001,0.00581109283277373,-72.3193819839889,-Inf,Inf,-0.005,0.005
2064,1,0.006,0.001,0.0062137441593482,-48.0828875371254,-Inf,Inf,-0.005,0.005
1687,1,0.006,0.001,0.00188629908826587,43.0702530024732,-Inf,Inf,-0.005,0.005
1725,1,0.006,0.001,0.00370926379323615,64.0568154621104,-Inf,Inf,-0.005,0.005
2485,1,0.006,0.001,0.00612947293234915,-77.1230717538032,-Inf,Inf,-0.005,0.005
1554,1,0.006,0.001,0.00451260573839926,33.1953273951496,-Inf,Inf,-0.005,0.005
1547,1,0.006,0.001,0.00502554543301382,32.4233711090856,-Inf,Inf,-0.005,0.005
2391,1,0.006,0.001,0.0061145320742725,-73.3901588208834,-Inf,Inf,-0.005,0.005
1520,1,0.006,0.001,0.00516557931031884,29.274273201452,-Inf,Inf,-0.005,0.005
2542,1,0.006,0.001,0.00611392651876855,-80.1610398674559,-Inf,Inf,-0.005,0.005
3233,1,0.006,0.001,0.00612903969354741,-176.829230870041,-Inf,Inf,-0.005,0.005
2666,1,0.006,0.001,0.00638222394050788,-105.216060194752,-Inf,Inf,-0.005,0.005
1572,1,0.006,0.001,0.00491699634711594,43.6465914590731,-Inf,Inf,-0.005,0.005
3166,1,0.006,0.001,0.00611849129085744,-175.448430535613,-Inf,Inf,-0.005,0.005
2654,1,0.006,0.001,0.00609602155335316,-88.1655248586068,-Inf,Inf,-0.005,0.005
975,1,0.006,0.001,0.00513274333716067,-43.698450349603,-Inf,Inf,-0.005,0.005
2969,1,0.006,0.001,0.00612818579068478,-169.305896674727,-Inf,Inf,-0.005,0.005
62,1,0.006,0.001,0.00605393759403562,127.204774728073,-Inf,Inf,-0.005,0.005
2452,1,0.006,0.001,0.00610554393915576,-77.0174614436671,-Inf,Inf,-0.005,0.005
1357,1,0.006,0.001,0.00584791878021058,22.5649235855208,-Inf,Inf,-0.005,0.005
3076,1,0.006,0.001,0.00611944275585547,-172.93433271168,-Inf,Inf,-0.005,0.005
3144,1,0.006,0.001,0.0061207113472908,-176.025258190887,-Inf,Inf,-0.005,0.005
2759,1,0.006,0.001,0.00622600441365547,-122.531051500221,-Inf,Inf,-0.005,0.005
76,1,0.006,0.001,0.00891733020789248,111.804173392144,-Inf,Inf,-0.005,0.005
1193,1,0.006,0.001,0.00476026920387975,15.1104126870487,-Inf,Inf,-0.005,0.005
268,1,0.006,0.001,0.0044102918673496,117.426992556208,-Inf,Inf,-0.005,0.005
2522,1,0.006,0.001,0.00611798776903688,-79.5972820559601,-Inf,Inf,-0.005,0.005
1767,1,0.006,0.001,0.00618370454935275,44.0301007449802,-Inf,Inf,-0.005,0.005
2845,1,0.006,0.001,0.006642276096327,-155.975464970772,-Inf,Inf,-0.005,0.005
2916,1,0.006,0.001,0.00636628336520523,-164.562412673769,-Inf,Inf,-0.005,0.005
170,1,0.006,0.001,0.00603889141358693,85.3283300528511,-Inf,Inf,-0.005,0.005
86,1,0.006,0.001,0.0138028454681003,104.919332816555,-Inf,Inf,-0.005,0.005
2056,1,0.006,0.001,0.00610282155947205,-41.4149821673742,-Inf,Inf,-0.005,0.005
1437,1,0.006,0.001,0.00582952085559694,25.5090512119138,-Inf,Inf,-0.005,0.005
1961,1,0.006,0.001,0.0067756948966758,-21.1475007373238,-Inf,Inf,-0.005,0.005
1170,1,0.006,0.001,0.0044981485270867,11.2713715763271,-Inf,Inf,-0.005,0.005
600,1,0.006,0.001,0.0116870016486695,-121.909715240844,-Inf,Inf,-0.005,0.005
3256,1,0.006,0.001,0.00615469579214281,-177.755745709069,-Inf,Inf,-0.005,0.005
3638,1,0.006,0.001,0.00609064847619704,147.376676204467,-Inf,Inf,-0.005,0.005
3140,1,0.006,0.001,0.00611854930113259,-175.538268373745,-Inf,Inf,-0.005,0.005
435,1,0.006,0.001,0.00459423339055317,2.57694698444204,-Inf,Inf,-0.005,0.005
601,1,0.006,0.001,0.0133347924614662,-121.297779420644,-Inf,Inf,-0.005,0.005
1445,1,0.006,0.001,0.00575931623340385,25.7614993631128,-Inf,Inf,-0.005,0.005
3849,1,0.006,0.001,0.00608492866161465,141.558800847208,-Inf,Inf,-0.005,0.005
611,1,0.006,0.001,0.0209859125581278,-120.141931320262,-Inf,Inf,-0.005,0.005
286,1,0.006,0.001,0.00622956803306411,101.961693702156,-Inf,Inf,-0.005,0.005
3670,1,0.006,0.001,0.00609036773452744,147.229088441535,-Inf,Inf,-0.005,0.005
985,1,0.006,0.001,0.00518545299396855,-41.774067464515,-Inf,Inf,-0.005,0.005
1165,1,0.006,0.001,0.00454007151397238,11.894677062035,-Inf,Inf,-0.005,0.005
1186,1,0.006,0.001,0.00531369609708574,18.9317075535231,-Inf,Inf,-0.005,0.005
1852,1,0.006,0.001,0.00615352369146809,8.20777660792478,-Inf,Inf,-0.005,0.005
2632,1,0.006,0.001,0.00615056770683604,-87.6510933765176,-Inf,Inf,-0.005,0.005
444,1,0.006,0.001,0.0042393389624961,30.3328491046955,-Inf,Inf,-0.005,0.005
3462,1,0.006,0.001,0.00610090247516153,149.213226331737,-Inf,Inf,-0.005,0.005
1521,1,0.006,0.001,0.00517444384068893,29.2942632193422,-Inf,Inf,-0.005,0.005
1022,1,0.006,0.001,0.00486100657301985,-40.3224867584402,-Inf,Inf,-0.005,0.005
1230,1,0.006,0.001,0.00582251965990219,21.4940787422653,-Inf,Inf,-0.005,0.005
704,1,0.006,0.001,0.00585115396349337,-102.985038313481,-Inf,Inf,-0.005,0.005
711,1,0.006,0.001,0.00597886102106629,-98.9824226061179,-Inf,Inf,-0.005,0.005
996,1,0.006,0.001,0.00517702227420534,-42.6929837232153,-Inf,Inf,-0.005,0.005
1380,1,0.006,0.001,0.00583418470264022,25.1811283661074,-Inf,Inf,-0.005,0.005
2693,1,0.006,0.001,0.00620000101596285,-120.245467265528,-Inf,Inf,-0.005,0.005
1907,1,0.006,0.001,0.00637699195789456,-6.67003271693773,-Inf,Inf,-0.005,0.005
843,1,0.006,0.001,0.00576629526506655,-74.754478847475,-Inf,Inf,-0.005,0.005
691,1,0.006,0.001,0.00560675380991166,-115.481600348025,-Inf,Inf,-0.005,0.005
2142,1,0.006,0.001,0.0061854921287733,-53.0955449060592,-Inf,Inf,-0.005,0.005
783,1,0.006,0.001,0.00580495290223557,-76.9419742838873,-Inf,Inf,-0.005,0.005
3428,1,0.006,0.001,0.00611051946169231,149.467198754999,-Inf,Inf,-0.005,0.005
3613,1,0.006,0.001,0.00609129483014642,147.44335297265,-Inf,Inf,-0.005,0.005
2631,1,0.006,0.001,0.00615197479212064,-87.5836956845947,-Inf,Inf,-0.005,0.005
621,1,0.006,0.001,0.0306167060569546,-120.330581029864,-Inf,Inf,-0.005,0.005
3399,1,0.006,0.001,0.00611367449109347,149.550634001266,-Inf,Inf,-0.005,0.005
3697,1,0.006,0.001,0.00608870358198123,145.947751573156,-Inf,Inf,-0.005,0.005
3189,1,0.006,0.001,0.00611947940502851,-176.52155423377,-Inf,Inf,-0.005,0.005
2179,1,0.006,0.001,0.00613938849873129,-55.6967724530445,-Inf,Inf,-0.005,0.005
1567,1,0.006,0.001,0.00563042067510493,37.8263698938289,-Inf,Inf,-0.005,0.005
90,1,0.006,0.001,0.0131284906938402,112.764565322737,-Inf,Inf,-0.005,0.005
3542,1,0.006,0.001,0.00609299056040811,148.473656340146,-Inf,Inf,-0.005,0.005
147,1,0.006,0.001,0.00845165569106052,-156.400857966376,-Inf,Inf,-0.005,0.005
3387,1,0.006,0.001,0.00612627983793965,149.979030988796,-Inf,Inf,-0.005,0.005
3053,1,0.006,0.001,0.00609805223421799,-171.433978883225,-Inf,Inf,-0.005,0.005
3176,1,0.006,0.001,0.00609183358378309,-176.078875648941,-Inf,Inf,-0.005,0.005
1511,1,0.006,0.001,0.00511968803653006,29.3963932477503,-Inf,Inf,-0.005,0.005
138,1,0.006,0.001,0.00676796182225062,167.528506763276,-Inf,Inf,-0.005,0.005
3888,1,0.006,0.001,0.00608913541863942,141.338434804514,-Inf,Inf,-0.005,0.005
3892,1,0.006,0.001,0.00608981347028347,141.332623691621,-Inf,Inf,-0.005,0.005
2382,1,0.006,0.001,0.00615532786963474,-72.8443390508704,-Inf,Inf,-0.005,0.005
500,1,0.006,0.001,0.00689981613153886,47.0717917555414,-Inf,Inf,-0.005,0.005
3727,1,0.006,0.001,0.00608352096097975,145.806331949233,-Inf,Inf,-0.005,0.005
2853,1,0.006,0.001,0.00661148455195267,-157.20720515087,-Inf,Inf,-0.005,0.005
1808,1,0.006,0.001,0.00623931389459979,44.6714939785118,-Inf,Inf,-0.005,0.005
2171,1,0.006,0.001,0.00616493450252855,-54.9496140857079,-Inf,Inf,-0.005,0.005
824,1,0.006,0.001,0.00583332677398144,-74.5715648878537,-Inf,Inf,-0.005,0.005
2148,1,0.006,0.001,0.00618533481215854,-53.4991930844521,-Inf,Inf,-0.005,0.005
750,1,0.006,0.001,0.00597687002869579,-80.4527672617026,-Inf,Inf,-0.005,0.005
1517,1,0.006,0.001,0.00514377708553695,29.2621598833175,-Inf,Inf,-0.005,0.005
1324,1,0.006,0.001,0.00585529170701967,22.5699099743464,-Inf,Inf,-0.005,0.005
2583,1,0.006,0.001,0.00613584215137587,-86.5910077565917,-Inf,Inf,-0.005,0.005
1194,1,0.006,0.001,0.00468994776041924,14.2285295983563,-Inf,Inf,-0.005,0.005
1563,1,0.006,0.001,0.00581483687524523,37.6065000833624,-Inf,Inf,-0.005,0.005
3818,1,0.006,0.001,0.00608580070702613,142.284501084525,-Inf,Inf,-0.005,0.005
3690,1,0.006,0.001,0.00608729055042788,146.076564253178,-Inf,Inf,-0.005,0.005
1133,1,0.006,0.001,0.00478147761987851,15.356047502926,-Inf,Inf,-0.005,0.005
1049,1,0.006,0.001,0.00522948808385758,-41.1797075381894,-Inf,Inf,-0.005,0.005
3832,1,0.006,0.001,0.00608565027454432,141.773405173932,-Inf,Inf,-0.005,0.005
471,1,0.006,0.001,0.00470498663575465,40.1814492236991,-Inf,Inf,-0.005,0.005
775,1,0.006,0.001,0.00602462950352147,-80.7349877683417,-Inf,Inf,-0.005,0.005
63,1,0.006,0.001,0.00605823028833085,127.360701910851,-Inf,Inf,-0.005,0.005
3165,1,0.006,0.001,0.00611888425571404,-175.557318557281,-Inf,Inf,-0.005,0.005
1016,1,0.006,0.001,0.00508840767003334,-42.2425807683093,-Inf,Inf,-0.005,0.005
1853,1,0.006,0.001,0.00613656847653909,9.85203008934423,-Inf,Inf,-0.005,0.005
1144,1,0.006,0.001,0.00447126551144874,10.8594723108529,-Inf,Inf,-0.005,0.005
887,1,0.006,0.001,0.00579315615710223,-69.2066352828143,-Inf,Inf,-0.005,0.005
1628,1,0.006,0.001,0.00554664914879491,50.0154107541549,-Inf,Inf,-0.005,0.005
1700,1,0.006,0.001,0.00457248527482012,64.5730986612164,-Inf,Inf,-0.005,0.005
3243,1,0.006,0.001,0.00612886370202316,-176.828212832899,-Inf,Inf,-0.005,0.005
100,1,0.006,0.001,0.0346309035289909,113.447269251776,-Inf,Inf,-0.005,0.005
738,1,0.006,0.001,0.00569943928676402,-92.5481243603273,-Inf,Inf,-0.005,0.005
2301,1,0.006,0.001,0.00616767354266506,-60.4846368835208,-Inf,Inf,-0.005,0.005
1884,1,0.006,0.001,0.00618525427095303,7.61245198503203,-Inf,Inf,-0.005,0.005
129,1,0.006,0.001,0.0152687888218963,-122.206831768303,-Inf,Inf,-0.005,0.005
3,1,0.006,0.001,0.0357586065183849,124.164390706445,-Inf,Inf,-0.005,0.005
2230,1,0.006,0.001,0.00614142136732701,-57.6002042047126,-Inf,Inf,-0.005,0.005
2187,1,0.006,0.001,0.00614813529516352,-56.9360993410769,-Inf,Inf,-0.005,0.005
1713,1,0.006,0.001,0.00264433659370193,60.1668969799445,-Inf,Inf,-0.005,0.005
2830,1,0.006,0.001,0.00663447789919792,-156.675564047755,-Inf,Inf,-0.005,0.005
2496,1,0.006,0.001,0.00609418328126097,-78.0137615638813,-Inf,Inf,-0.005,0.005
3161,1,0.006,0.001,0.0061186221965774,-176.008352094187,-Inf,Inf,-0.005,0.005
518,1,0.006,0.001,0.00819023623037393,45.761070662401,-Inf,Inf,-0.005,0.005
3539,1,0.006,0.001,0.00609273752316807,148.506772721209,-Inf,Inf,-0.005,0.005
1723,1,0.006,0.001,0.003493455793966,63.833194901971,-Inf,Inf,-0.005,0.005
2784,1,0.006,0.001,0.00671044379893234,-140.93845216878,-Inf,Inf,-0.005,0.005
122,1,0.006,0.001,0.0553323759352278,91.5195439343563,-Inf,Inf,-0.005,0.005
990,2,0.0243497546761761,-2.48713490285308,2.48725409549222,58.2727125623072,-2,2,-2,2
288,2,-0.0193273539453163,-1.35213525609642,1.35227338115836,-156.223155079886,-2,2,-2,2
3778,2,0.0119999998705294,0.0059987257356456,0.0134158379292612,125.285163738235,-2,2,-2,2
3822,2,0.0120000003851437,0.0175566137974501,0.0212658105247899,95.8379841521573,-2,2,-2,2
3794,2,0.0119999990113306,0.00929599147213626,0.0151794411531508,114.381631799067,-2,2,-2,2
1423,2,0.0130730168916707,-0.360153617760975,0.360390804761953,123.440497014037,-2,2,-2,2
862,2,0.014896618125623,-0.243529776738363,0.243984961400938,25.9956469327991,-2,2,-2,2
1818,2,0.014593042512577,0.825298750528116,0.825427758506487,-45.6778166811212,-2,2,-2,2
1879,2,0.0121099205255588,0.294407826824039,0.294656781137629,-70.96974719326,-2,2,-2,2
1039,2,0.013890952716963,-1.68037068534977,1.68042809984546,57.6279377940336,-2,2,-2,2
670,2,0.0538138435260161,4.52000605090167,4.52032638533356,152.096131612975,-2,2,-2,2
3051,2,0.0120001768856765,0.0526374072270786,0.0539879698162177,120.852558428588,-2,2,-2,2
3199,2,0.0120000224729782,0.071335701786981,0.0723379768088179,112.891701547127,-2,2,-2,2
2025,2,0.0161144255819555,1.22150152764615,1.22160781626253,-115.054031222875,-2,2,-2,2
80,2,-0.0171023077139268,5.70650675940785,5.70653238701899,22.4832103811824,-2,2,-2,2
2555,2,0.0120009201170077,0.0590006012946061,0.060208745517407,-150.988301976417,-2,2,-2,2
1836,2,0.0151270699538062,0.521397731023273,0.521617122189834,-68.1885954811797,-2,2,-2,2
1745,2,0.0732675290054046,-4.09351428477347,4.094169919587,163.926822284919,-2,2,-2,2
310,2,0.191662887699548,-7.55327270140098,7.55570401512993,-83.1610257665279,-2,2,-2,2
1256,2,0.012539379314806,-0.217235138425227,0.217596740325373,118.106259288399,-2,2,-2,2
739,2,0.413149983492668,-1.91328815060482,1.95738715028601,0.0927272063420069,-2,2,-2,2
710,2,-0.0545038980361997,-1.84028381891445,1.84109076611108,3.05485675069654,-2,2,-2,2
3224,2,0.0120000056141497,0.067378572599925,0.0684388207112235,112.505400420944,-2,2,-2,2
3799,2,0.0120000000029715,0.000740840159714681,0.0120228467599633,148.565194405336,-2,2,-2,2
3978,2,0.0119999991287644,0.0198043600226424,0.0231562659985754,91.4682394472138,-2,2,-2,2
3201,2,0.0120000059133112,0.0352965802520933,0.0372806748787085,122.037036916725,-2,2,-2,2
321,2,0.950855766549175,-13.1554198519895,13.1897383662792,-87.6324001173039,-2,2,-2,2
597,2,0.130275006112639,7.65940465153403,7.66051246282902,154.577733746363,-2,2,-2,2
2007,2,0.0194042599890142,1.07962204931646,1.07979641353174,-104.379811743344,-2,2,-2,2
949,2,0.00758956526013915,-2.40694025571114,2.40695222139195,45.0145566869559,-2,2,-2,2
563,2,0.0620467432313489,8.54112150597316,8.54134687143326,-88.839945576813,-2,2,-2,2
1629,2,0.250248641141471,-11.820193058747,11.8228418042552,149.273505911699,-2,2,-2,2
837,2,0.0199585889230937,-1.12782681591736,1.12800340069261,26.5731107302135,-2,2,-2,2
752,2,0.0124055365122116,-0.213811223491688,0.214170811800227,15.8617496755062,-2,2,-2,2
2403,2,0.0120020764171022,0.178148305817063,0.178552145615256,-150.163889978928,-2,2,-2,2
2962,2,0.0120036059903107,0.229587330923352,0.229900911432032,113.456982198312,-2,2,-2,2
3493,2,0.0120000106406081,0.0495142054570388,0.0509475887301505,82.0831143374651,-2,2,-2,2
514,2,0.0544854299024478,3.63153865001408,3.6319473603864,-33.8123892200769,-2,2,-2,2
424,2,-0.210843159255767,-4.83595824317178,4.84055234115964,100.337788413611,-2,2,-2,2
698,2,0.0208704295106454,-0.543600474155515,0.544000965376037,-10.9775918308835,-2,2,-2,2
3847,2,0.011999999544679,0.0132586161439546,0.0178826980941084,103.195551066968,-2,2,-2,2
3440,2,0.0120000030167574,0.0310680677997745,0.0333050282872357,89.9388441281341,-2,2,-2,2
3443,2,0.0120000143876736,0.0434973304031182,0.045122257229691,84.163620139348,-2,2,-2,2
453,2,0.360709174716116,-4.75104477110547,4.76471799016196,118.23144694297,-2,2,-2,2
2566,2,0.0120002645024874,0.138911854705236,0.139429228376902,-158.688711304675,-2,2,-2,2
776,2,0.0265621056371333,-1.18219046866684,1.18248883701394,16.933718819009,-2,2,-2,2
1575,2,0.0431552079427424,-3.48949857271417,3.48976541632053,144.750115676373,-2,2,-2,2
1561,2,0.0102121364906648,-3.64651346267706,3.64652776229892,137.548390962579,-2,2,-2,2
479,2,0.079405087117052,-0.354926254898732,0.363700170850257,134.887580864751,-2,2,-2,2
3597,2,0.0120000026821706,0.0535358044329173,0.0548642180355437,79.9219816347992,-2,2,-2,2
249,2,-0.586819473898187,2.82476290100803,2.88507236336585,6.41854200892893,-2,2,-2,2
2575,2,0.0119933654383909,0.130445580867704,0.130995764750054,-160.223113359396,-2,2,-2,2
2,2,-2.35036539166964,1.67215738244374,4.09238108794403,-144.622557099164,-2,2,-2,2
1452,2,0.0119417909933798,-1.04082947362452,1.04089797748752,125.129984685667,-2,2,-2,2
1459,2,-0.0354597022660072,-1.296800132372,1.29728484682618,128.308492833079,-2,2,-2,2
1266,2,0.0135646277993846,-0.665674953929781,0.665813144520857,120.189357385192,-2,2,-2,2
1253,2,0.0129734273417588,-0.507514299648869,0.507680090376877,119.957497688406,-2,2,-2,2
859,2,0.0105523209390671,-1.07243539001234,1.07248730399391,29.2036096253158,-2,2,-2,2
1929,2,0.0126299130147816,0.722785747677927,0.722896086411527,-92.4892359856392,-2,2,-2,2
1308,2,0.0140406645484573,-1.12169281982462,1.12178069260754,121.188086956796,-2,2,-2,2
3089,2,0.0120002810130551,0.0868365595934393,0.0876618208025434,115.500345068696,-2,2,-2,2
381,2,0.594084190945416,-9.31442363261041,9.33335007559786,90.6310051417716,-2,2,-2,2
2714,2,0.0120138670468978,0.37835289439616,0.378543584940192,161.852642988168,-2,2,-2,2
2498,2,0.0120024180558516,0.112295433251043,0.112935036052709,-152.089267033149,-2,2,-2,2
2204,2,0.0120123227936279,0.139548576760796,0.140064632134105,-132.492915460919,-2,2,-2,2
3728,2,0.0119999986390376,0.0162492794623096,0.020199976494569,101.730196450615,-2,2,-2,2
2055,2,0.0120706737818768,0.258956507456215,0.259237678433265,-118.210134370141,-2,2,-2,2
258,2,-1.55243374495378,1.66624961343467,2.27737531091,-24.9232498685257,-2,2,-2,2
1731,2,0.230154034800699,-12.8723321076864,12.8743894911685,161.534078294956,-2,2,-2,2
922,2,0.0124404819236644,-0.47278151411315,0.47294516138514,37.421600373119,-2,2,-2,2
2206,2,0.0119960580358442,0.150285308358686,0.150763322187012,-133.63764764084,-2,2,-2,2
2749,2,0.0120044082131053,0.254003894640871,0.254287404936378,159.41131402289,-2,2,-2,2
1904,2,0.0051189589394435,0.566560403521762,0.566583528333966,-79.9916860470481,-2,2,-2,2
488,2,0.0169994604058779,0.454859041001255,0.455176590824564,-31.3341714130442,-2,2,-2,2
893,2,0.0117065167016942,-0.711871220925082,0.711967469562096,29.6038143762515,-2,2,-2,2
2989,2,0.0120001647056202,0.0529236558165432,0.0542670922194099,122.947778050836,-2,2,-2,2
2653,2,0.012001129925669,0.137971011102956,0.138491974584323,-163.76071711206,-2,2,-2,2
2226,2,0.0120026501194863,0.150940868275249,0.151417334957319,-133.955306166449,-2,2,-2,2
1956,2,-0.00566120076021648,2.57120039157255,2.57120662390576,-101.026970162113,-2,2,-2,2
1202,2,0.117459762688239,-2.65665106752711,2.65924645161815,117.089165786941,-2,2,-2,2
